,max,mean,medabsdevmed,median,min,npts,q1,q3,quartile,rms,sigma,sum,sumsq,Galaxy
0,2697861.25,949729.57540761,509393.71875,809693.8125,183780.734375,23.0,240507.890625,1274927.875,1034419.984375,1195223.43283705,741962.20368564,21843780.234375,32856858300000.0,NGC253
0,715784.5625,46781.26071885,13867.56298828,23644.11523438,5202.46191406,544.0,12529.24121094,50080.76171875,37551.52050781,89543.28691799,76421.52600536,25449005.83105469,4361792130000.0,Antennae
0,13735495.904750511,1523736.4376107168,513213.83232492907,792405.1221037094,145218.66094882763,786248.1445660358,314763.3169466177,1334860.9510684418,1020097.634121824,2901123.928036504,2477682.822874087,211799364.82687148,206824760005.88583,Henize
0,2891672.0,372975.66820904,74581.01464844,95157.13671875,4419.70800781,14572.0,38526.03125,358647.03125,320121.0,701540.10960661,594198.54071312,5435001440.0,7171734030000000.0,30Dor
